id,title,Summary2,cause,newkeys,sif_indicators,label_reason,human_sif_label,review_reason
200361442,trench collapse kills worker,on november 20 2012 employee #1 a 39-year-old male with j.f. wilkerson contracting company inc. was standing on soil located outside of a trench box. employee #1 was placing a 16-ft. fiberglass extension ladder in an 8-ft. by 24-ft. trench box when he was engulfed by the soil that he was standing on. employee #1 was killed in the event.,trench collapse,"trench, trench box, collapse, struck by, suffocated, asphyxiated","fatality, struck_by",fatal_outcome,SIF,Worker was engulfed in a trench collapse; fatal caught-in/engulfment mechanism.
200151389,employee is crushed by falling concrete wall later dies,on january 5 2009 several employees were digging out soil for footings under the vertical recently poured cement walls of five window wells and one stairwell of a residential basement foundation. apparently the footings were not poured and set before the vertical walls were constructed. the stairwell walls were approximately 19 ft long extending west to east and the other 3 ft wide at the west end only extending north to south connecting that end to the main foundation. there was no east wall connecting the 19 ft vertical wall to the foundation at that point. employees dug out the soil for the footings approximately 8-in. deep starting from the middle of the 19-ft vertical wall approximately 6 ft eastwardly and stopped approximately 3 ft from the unattached end. there were two 4-in. by 4-in. diagonal wood braces extending from approximately mid-wall into the soil at the bottom of the excavation wall. at approximately 3:00 p.m. employee #1 was waterproofing the outer 19-ft wall with tar. apparently employee #1 removed the east diagonal brace near the unattached end to waterproof the footprint area of where the brace contacted the wall. the 1 400-pound wall broke away from the foundation at the west end and the entire 19-ft by 8-ft concrete wall fell on employee #1. employee #1 sustained serious crushing injuries and was rushed to the hospital were he died later that day.%09,collapse of structure,"struck by, falling object, concrete slab, crushed, brace, excavation, footings","fatality, struck_by, caught_between",fatal_outcome; caught_between_high_energy,SIF,"1,400-lb concrete wall collapsed onto worker; fatal crushing/caught-between exposure."
818187,employee falls from roof and is killed,while sweeping and cleaning up debris on a twenty-foot high and three by twelve foot sloped roof employee #1 fell down. employee #1 suffered a deep gash to his head. as he attempted to get up he fell off the side of the roof. employee #1 landed on a thick tree or bush branch resulting in added injuries that led to employee #1's death.,[],"tree, roof, broom","fatality, fall_from_height",fatal_outcome,SIF,Worker fell from a 20-ft roof and then over the roof edge; fatal fall exposure.
201121712,employee injured when struck by support beam assembly,at approximately 11:35 a.m. on july 1 1999 an employee was unbolting the connecting plate of a vertical shore from a supporting beam. the assembly was lying on its side. as the employee removed the lower bolts of the plate the assembly dropped crushing his arm. the employee was hospitalized for a fractured arm.,[],"arm, fracture, construction, support cable",struck_by,no_strong_sif_evidence,SIF,Falling support-beam assembly crushed the worker's arm; high-energy stored/load movement.
170761514,employee is killed when pinned in aerial lift,employee #1 was working from an aerial lift which was in the 'up' position under an i-beam. employee #1 was cutting out the beam pocket when he accidentally came into contact with the 'drive/steer' lever which made the manlift move. employee #1 was killed when he was pinned between the i-beam and manlift control panel. as per the manufacturers operating manual for the manlift sm2129e-14017 the drive/steer lever should not have been able to move until the lower half of the knob was pulled up to release it from the detent. as per the written statements this safety device on the drive/steer lever was not operational.,crushed/run,"caught between, aerial lift, aerial lift controls, construction, concrete beam, work rules","fatality, caught_between",fatal_outcome; caught_between_high_energy,SIF,Worker was pinned between an aerial lift and I-beam; fatal caught-between exposure.
201401114,employee installing cable causes property damage,employee #1 was installing cable strand wire on a pole when he noticed that the existing strand wire that ran north along the road went around the pole and formed a 90 degree angle. he used a come-along to pull the existing cable because he saw it was only 14 to 15 in. from a 120 v secondary power line. employee #1 cranked the come-along until he heard a spanking sound. the cable strand had struck the power line resulting in property damage. no information was provided on employee injuries.,[],"construction, cable tv work, struck against, clearance, installing, hand winch, winch, communication cable, communication worker",struck_by,no_strong_sif_evidence,SIF,"Cable contacted a 120-V power line; electrical energy was released, though injury was not reported."
202509998,steel beam erector falls and fractures both arms,on august 21 2013 employee #1 and coworker #1 of western steel erectors were erecting steel beams as part of a building construction. after connecting beams in one area they proceeded to move to another area to perform additional beam connections. they were walking on top of a cmu (concrete masonry unit) wall when employee #1 fell approximately 22 feet to a concrete floor below. emergency services were called and employee #1 was transported to the hospital where he was admitted and treated for multiple fractures to both his arms.,fall,"construction, steel beam, erection process, installing, steel connecting, fall, fall protection, fracture, arm, joist",,no_strong_sif_evidence,SIF,Worker fell about 22 ft from a wall to concrete; realistic fatal fall potential.
202365623,one employee is killed one is injured from electric shock,on march 1 2006 employees #1 and #2 were working at an electrical vault which was presumed to be deenergized when they made contact with a live 7 200-volt underground primary cable. employee #1 was killed. employee #2 suffered severe burns and was hospitalized.,[],"electrical work, electric shock, burn, electrical vault, undrgrd power line, construction, power line worker, electrocuted, work rules, electrical","fatality, electrical",fatal_outcome; electrical_energy_exposure,SIF,"Workers contacted a live 7,200-V cable; one fatality and severe burns demonstrate extreme electrical exposure."
200553451,employee is killed when bridge section collapses,employee #1 and two coworkers were working on a bridge when a section of the bridge collapsed and all three employees fell into the water. the two coworkers were able to swim out but employee #1 was killed.,collapse of structure,"bridge, collapse, water, demolition, fall, swim",fatality,fatal_outcome,SIF,Bridge section collapsed and workers fell into water; structural collapse/fall had fatal potential.
201508769,employee fractures upper arm in fall from ladder,on september 16 2008 employee #1 a construction worker was standing on the fifth rung of a stepladder and pushing a square duct through the ceiling rafters. as he exerted horizontal pressure on the duct he lost balance tipped the ladder and fell in the opposite direction of the ladder. he fractured his right forearm and upper arm. employee #1 was hospitalized at the eden medical center located in castro valley california for five days.,[],"fracture, arm, forearm, fall, stepladder, lost balance, duct, flying object, construction, rafter","fall_from_height, energy_release",no_strong_sif_evidence,NON-SIF,"Fall from a stepladder resulted in arm fractures, with no strong evidence of fatal-potential exposure."
202311403,electric shock,a local utility company hired an electrical contractor to install new streetlighting at the corner of a hazardous intersection. the job required installing one of the streetlights parallel to an existing 13.2-kilovolt (phase-to-phase) overhead power line. the ground worker installed the streetlighting hardware and supply cable on the pole placed a synthetic nylon sling with a choker hitch around the pole and attached the sling to the load line of a derrick truck. when the derrick lifted the pole to an upright position the derrick's tilt-pole plumber arms grasped the shaft of the pole. the operator of the derrick truck swung the load around and began to set the pole in a 1.8-meter-deep hole. the ground worker was securing the cargo straps to the pole trailer as the derrick operator was setting the pole. when the butt end of the pole contacted the bottom of the hole the pole spun the streetlight into the overhead line. the ground worker ran to the pole to try to prevent it from contacting the overhead line. he was electrocuted when he touched the supply cable on the pole. he had entry and exit wounds on his right hand and right heel.,electrocution by equipment contacting wire,"electrical, electrocuted, elec utility work, streetlighting, overhead power line, derrick truck, utility pole, e ptd",electrical,electrical_energy_exposure,SIF,Worker was electrocuted while handling equipment that contacted a 13.2-kV overhead line.
200003143,employee is killed in fall off tower,at approximately 10:00 a.m. on august 11 2011 several employees were tasked with dismantling an anderson m-46 100-ft cellular tower that was no longer needed. this tower was located on the south side of image road between highway 11 and inman road. the tower was assembled using five 20-ft triangular sections with saddles bolted to the legs to attach one section to the next making the tower progressively taller. there was a triangular platform on top of the tower housing the cellular antennas. after the antenna platform had been removed three of the employees climbed the faces of the tower to approximately 80 feet to unbolt the top section of the tower for removal by a truck mounted crane. employee #1 fell from the tower 80 feet to the ground below. emergency medical services were notified and arrived within minutes. employee #1 was alive but unresponsive. he was transported by air ambulance to university hospital where he died shortly after arrival.,fall from/with structure,"construction, fall, fall protection, tower, antenna, truck crane, platform","fatality, fall_from_height, lifting",fatal_outcome; fall_with_height_exposure,SIF,Worker fell about 80 ft from a cellular tower during dismantling; extreme fall exposure.
170609184,employee bruised in fall from collapsing scaffold,employee #1 of tutor-saliba corp. was helping to drill holes through a concrete column. he was pulling the jack drill off while standing on a platform scaffold 5 ft high. the jack drill dropped onto the scaffold breaking one of its 2 by 4 legs. the platform collapsed and dropped employee #1 to the ground. he hit one of the wooden pegs staked to the ground which caused bruises to his rib cage area. the employer was cited for serious violations.,[],"construction, scaffold collapse, fall, struck against, wood erection, contusion, rib, scaffold","fall_from_height, struck_by",fall_with_height_exposure,SIF,Scaffold collapse caused a fall from about 5 ft; exposure involved an unstable elevated platform.
200851640,one employee killed when hydraulic platform collapses,employee #1 and coworkers were on a hydraulic platform used to work on elevated train tracks when it collapsed and they fell approximately 20 ft. employee #1 and eight coworkers were transported to the hospital; employee #1 died as a result of his injuries on april 17 2000.,fall from/with bucket,"construction, elevated work plat, collapse, unsecured, hoisting mechanism, fall, fall protection, work platform, hydraulic table","fatality, fall_from_height",fatal_outcome; fall_with_height_exposure,SIF,Hydraulic work platform collapsed and workers fell about 20 ft; fatal fall mechanism.
202544888,employee's leg is struck by concrete pile and is crushed,at approximately 9:30 a.m. on november 5 2012 employee #1 was disconnecting rigging from a concrete rebound pile. before this work began he had worked with a coworker who was rigging concrete rebound piles to a truck mounted simons r-o truck mounted crane (model number tc2863 serial number 4590595951040). the concrete piles had steel rebar loops cast in them for lifting and were attached to the crane load line via a yoke hook. one of the piles was lowered into a dump truck and the line was slacked. employee #1 climbed into the end dump truck to detach the yoke hook. while standing adjacent to the load he disconnected the yoke hook and the load shifted. the concrete struck him in his right leg causing crushing injuries. employee #1 was transported to a medical center where he underwent surgical procedures on the serious leg fractures and was hospitalized for post-operative care.,other,"concrete, piling, unstable position, struck by, leg, crushed","struck_by, caught_between, lifting",caught_between_high_energy; lifting_high_energy_exposure,SIF,Worker was beside a suspended concrete pile when it shifted and crushed his leg; lifting/caught-between exposure.
202654547,worker at pipeline installation collapses and dies,on june 20 2013 employee #1 of underground construction co. inc. was working at a pipeline construction site. as he was installing plastic sheeting under a portable toilet he collapsed. emergency services were called. employee #1 was transported to watsonville community hospital. employee #1 died. the subsequent investigation report did not reveal a cause of death.,other,"construction, pipeline, installing, collapse",fatality,fatal_outcome,UNCERTAIN,"Worker died after collapsing during pipeline work, but the investigation found no cause of death or clear work-related high-energy mechanism."
202686291,employee is struck by a can and gets knocked down,on june 4 2013 employee #1 of rogers industries llc was directed to unhook the paint cans from the rope after they were lowered down to the work surface. while waiting for the next can to come down employee #1 was struck by the paint can due to the handle breaking causing the can to hit a ventilation pipe and then hit him in the neck and shoulder knocking him to the deck.,struck by falling object/projectile,"struck by, neck, shoulder, painter",struck_by,no_strong_sif_evidence,NON-SIF,"Paint can struck the worker and caused a knockdown, but the narrative does not show a strong fatal-potential mechanism."
200002723,employee is killed when struck by debris,on may 23 2008 employee #1 a crane operator for maxim crane works was conducting a wind test with no load. the crane boom fell to the ground causing the cab to tip over. employee #1 was killed when flying debris hit his head as he ran from the site.,struck by falling object/projectile,"struck by, concussion, crane boom, crane cab, high wind, overturn, flying object, construction, head","fatality, struck_by, lifting",fatal_outcome,SIF,Crane boom fell and struck a crane operator with flying debris; high-energy lifting failure.
202345021,employee is killed when struck and crushed by an excavator,on january 18 2005 barnett contracting was in the process of removing downed palm trees from a canal as a result of hurricane charlie. the process consisted of an excavator pulling downed palm trees from out of the canal to the shoreline. a laborer would then cut the tree as close to the stump as possible due to the weight of the tree. once separated the tree would then be loaded onto the dump trucks. at the time of the accident employee #1 was in a crouched position near the tree stump cutting the tree unknown to the excavator operator. the excavator's bucket went over employee #1 in order to drag the stump on shore when the excavator's bucket struck employee #1's right chest wall pinning him between the bucket and tree stump killing him.,crushed/run,"crushed, struck by, tree, communication, tree stumping, obstructed view, excavator, chest, construction","fatality, struck_by, caught_between",fatal_outcome; caught_between_high_energy,SIF,Excavator bucket pinned the worker between the bucket and tree stump; fatal caught-between exposure.
14554240,struck on the head by heavy iron piling,a crane was being used to pull sheet piling from a coffer dam. another crane ws used to transfer the piling to the top of the bank. the piling slipped from the sling & fell on employee #1 causing head injuries and a broken neck.,[],"crane, struck by, head, sling, piling, coffer dam","struck_by, lifting",no_strong_sif_evidence,SIF,Heavy iron piling slipped from a crane sling and struck the worker; high-energy suspended-load exposure.
201771854,employee crushed piling,on february 5 2003 an employee working for utilex construction corporation was working as a dock builder on piling lying on the ground to be raised until it was vertical. the piling was raised just enough to clear the ground when the hammer assembly came down and sheared the slings that supported the piling. the piling fell over killing striking the employee in the head and killing him.,struck by falling object/projectile,"head, sling, dock, fall, oven, sheared, construction","struck_by, caught_between",caught_between_high_energy,SIF,Piling fell after slings sheared and struck the worker; fatal high-energy lifting/caught-between event.
200374296,employee electrocuted when bull bloat contacts power line,on july 31 2007 employee #1 was finishing a concrete slab when he took the bull float finishing tool over to the side to wash it. while washing the 20 ft-long tool with a water hose employee #1 raised it up and either contacted or came close to contacting an overhead 13 800-volt power line. he was electrocuted and died at the scene.,electrocution by equipment contacting wire,"construction, overhead power line, electrocuted, concrete form work, concrete float, extension handle, clearance, electric arc, work rules, struck against","fatality, struck_by, electrical",fatal_outcome; electrical_energy_exposure,SIF,"20-ft tool contacted a 13,800-V overhead line and electrocuted the worker."
200802213,nonemployee struck and killed by bucket owner injured,on may 19 2009 a nonemployee (a friend of the company's owner) was at the facility watching the owner work on the skid steer loader. the bucket of the skid steer loader was in the elevated position. the nonemployee decided to help the owner and entered the danger zone of the bucket. a hydraulic line was somehow broken or dislodged. the bucket descended striking and killing the nonemployee and seriously injuring the owner.,[],"loader, loader bucket, falling object, struck by, hydraulic line","fatality, struck_by",fatal_outcome; struck_by_vehicle_exposure,SIF,Elevated loader bucket descended and struck a person in the danger zone; fatal crushing exposure.
201271657,employee killed in fall from bridge,two employees were installing decking pans on a bridge construction site. employee #1 stepped onto a decking pan that had not been secured and fell approximately 100 ft to the ground. employee #1 was not using a fall protection system. employee #1 was killed.,fall through opening,"fall, fall protection, bridge, bridge deck, unsecured, unguarded, unstable surface, construction","fatality, fall_from_height",fatal_outcome; fall_with_height_exposure,SIF,Worker fell about 100 ft through unsecured bridge decking without fall protection; fatal fall exposure.
201024825,employee falls from ladder hanging picture fractures ankle,on august 27 2013 employee #1 with california state insulation fell from a ladder when it slipped while he was hanging a picture. he fell about 10 feet. he suffered a compound fracture to his right ankle. employee #1 was hospitalized.,[],"fracture, painter, maintenance, fall, ladder, ankle, slip",,no_strong_sif_evidence,SIF,"Worker fell about 10 ft from a ladder onto a hard surface; meaningful fall exposure, although the injury was limited to an ankle fracture."
202005427,roofer is killed in fall from house,on october 25 2010 employee #1 a 38-yr-old male roofer was working atop a private residence. although the employee was wearing a safety harness he fell 20 ft off the pitched roof to his death. unfortunately the safety harness was not attached as required to a secured anchor point.,fall from roof,"construction, roof, roofer, fall, fall protection, safety bar, anchor","fatality, fall_from_height",fatal_outcome; fall_with_height_exposure,SIF,Worker fell 20 ft from a pitched roof without a properly connected fall-protection anchor.
201360757,employee killed when crushed between backhoe bucket and boom,at approximately 4:00 p.m. on march 17 1999 employee #1 of carbo inc. was directed by his employer to accompany a friend of the employer who needed assistance extracting a caterpillar 416-c backhoe that had become stuck in soft ground on a highway shoulder outside of morgan city ms. the employer's friend had left the south fresh farms maintenance shop on his company's leased caterpillar and had been headed north to help the employer load diesel truck engines onto a flatbed trailer. while traveling the 2.8 miles into town on the mostly gravel and dirt farm-to-market road the friend saw some standing water near the east shoulder of the road. he stopped and began to use the backhoe's 4 yard front loader bucket to cut a drainage swath in the soft road shoulder. the friend customarily maintained the road in this way primarily so trucks hauling catfish for south fresh farms would not get stuck. as he was working on the drainage swath the backhoe's right-side wheels became stuck in the dirt. the friend then hitched a ride into town to summon help from employee #1's supervisor who owned an international winch truck which he used in his house moving business. employee #1 was directed to take the winch truck and to help pull the backhoe out of the ditch. before beginning the extraction the friend had to balance the backhoe by shifting the bucket to the right. after the machine was pulled out of the ditch the friend said he needed to move the backhoe attachment's boom and bucket to allow employee #1 to unhook the winch line's tail chain. when the friend pulled the backhoe's bucket in toward the boom he heard a crunching sound. employee #1 had become caught between the backhoe bucket and the boom. he was crushed and killed. employee #1 had moved between the boom and the bucket instead of waiting for an appropriate signal that it was safe to do so.,crushed/run,"construction, crushed, truck boom, communication, highway shoulder, backhoe bucket, derrick truck, mired, caught between, work rules","fatality, caught_between",fatal_outcome; caught_between_high_energy,SIF,Worker was caught between a backhoe bucket and boom; fatal high-energy mobile-equipment exposure.
202341913,employee killed in fall when wooden floor collapses,on december 12 2007 employee #1 a structural steel erection foreman was working in a building undergoing a gut renovation where the wood was being replaced by steel beams. he was carrying an acetylene cylinder while walking along a pre-existing wooden joist floor with poured concrete on top. as he was moving the floor suddenly collapsed and he fell one story to the basement. employee #1 fell on a wooden beam and concrete. emergency services was called and he was transported to st. vincents hospital where he was pronounced dead upon arrival. a shoring plan was in place but shoring was being removed to install steel beams and the shoring was not being replaced. the floor collapsed because a brace supporting a wooden joist on the first floor had been removed to install a steel beam and after the beam was in place the brace was not replaced.,fall,"construction, fall, collapse, joist, walking surface, support posts, bracing, unsecured, work rules, walking on plank",fatality,fatal_outcome,SIF,"Structural floor collapsed while occupied, causing a fatal fall; inadequate shoring was identified."
202357877,employees are injured in fall into trench,on january 16 2006 employees #1 and #2 fell into a trench while engaged in horseplay. employee #2 landed on top of employee #1. a fire department trench collapse team extricated employee #1 and airlifted him to maryland shock trauma where he was treated for an injured back. employee #2 sustained minor abrasions. an investigation revealed that employees were not protected from cave-ins were not trained in trenching and excavation safety requirements and were not wearing hardhats.,fall,"construction, trench, excavation, work rules, horseplay, hard hat, back, sprain, abrasion, cave-in",fire_explosion,no_strong_sif_evidence,SIF,Workers fell into an unprotected trench and the site lacked cave-in protection; trench collapse/excavation exposure had fatal potential.
201853439,employee killed in fall when rope broke,on august 25 2000 employee #1 was sitting in a boatswain's chair positioned 40 ft above the ground and was sandblasting a tank. employee #1 fell and was killed when the rope broke.,fall,"fall, rope, bosun chair, sandblasting, tank","fatality, confined_space",fatal_outcome,SIF,Worker fell 40 ft from a boatswain's chair after rope failure; fatal fall exposure.
202493342,employee is shot in knee with nail,on august 24 2012 employee #1 was kneeling on the secondary story floor of a residential building under construction and nailing floor joists. he used a hitachi pneumatic nail gun to attach the joists on boards that connected with the frame of the floor. when he arrived to a metal tie strap going from the joist to a wall he tried to shoot a nail into a pre drilled and punched hole in the strap but missed. the nail gun kicked back and bounced up and then came down on his left knee shooting a nail into his knee. employee #1 was transported to a medical center where he received medical attention and underwent surgical procedures and was then hospitalized for one day.,struck by falling object/projectile,"installing, portable power tool, struck by, nail, knee",struck_by,no_strong_sif_evidence,NON-SIF,"Pneumatic nail gun caused a knee injury, but the narrative does not indicate a realistic fatal-potential mechanism."
201079639,employee gets a foot amputation after being struck by a stee,at approximately 10:00 a.m. on june 5 2013 employee #1 of schuff steel company sustained serious injuries after being struck by a 35 foot steel beam. employee #1 suffered a thigh laceration and a foot amputation. employee #1 was rigging a 35 foot steel column beam weighing over 2 500 lbs. for a vertical lift by a liebherr lr1200 crane using a 12 ton sheave (hickey) with two shackles and round pull pins. the round pull pins became disconnected from the shackle causing the end of the beam being hoisted to fall and strike employee #1. the pull pins were not secured with safety pins or cotter pins to prevent unintentional displacement of the load.,struck by falling object/projectile,"amputated, foot, beam, pin, shackle, struck by","struck_by, lifting, amputation",no_strong_sif_evidence,SIF,"2,500-lb steel beam fell during lifting and caused a foot amputation; severe high-energy suspended-load exposure."
202340675,employee falls inside tower crane and is killed,on november 10 2004 an employee worked as a crane oiler for difama concrete inc. he stood in the neck of a tower crane on a wood plank pulling a rope tag line to position a suspended load (generator) onto the crane platform. he fell a total of approximately 30 feet inside the tower crane (hammerhead crane). the employee fell 10 feet to the first platform through a hatchway and fell another 20 feet to the next platform inside the tower. he was not wearing a fall protection device. he died from head injuries,fall through opening,"construction, tower crane, crane, tower, fall, fall protection, head","fatality, lifting",fatal_outcome; lifting_high_energy_exposure,SIF,Worker fell about 30 ft inside a tower crane through a hatchway; fatal fall exposure.
200676120,employee is killed in fall from derrick,on august 7 2006 employee #1 was working in an elevated basket of a deep injection well rig. he was installing an elevator attachment device at the top portion of a drill collar. the basket did not have rails at the area used to attach and separate collars and pipes. while in the basket of the derrick employee #1 leaned forward to install the elevator to the collar. he wrapped his right arm around the collar and had his left hand on a rope that was around the collar. he pushed the collar with his right shoulder and dropped the rope from his left hand. the momentum and weight of the collar caused employee #1 to lose his balance and fall forward. he grabbed the elevator with both hands while both his feet remained on the basket for approximately 15 seconds. his feet slipped off the basket and he hung from the elevator by his hands. employee #1 hugged the top portion of the collar as he slid down approximately 50 ft. his hands slipped off the collar and he fell approximately 70 ft to the steel surface of the derrick. he was killed.,fall from vehicle,"derrick, derrick platform, derrickman, fall, fall protection, well, well service rig, lost balance","fatality, fall_from_height, struck_by",fatal_outcome; fall_with_height_exposure,SIF,Worker fell about 70 ft from a derrick basket; unguarded elevated work area and fatal fall exposure.
202341871,employee killed in fall from suspended scaffold,at approximately 9:10 a.m. on october 29 2007 employee #1 and a coworker were on a two-point suspended scaffold engaged in brick pointing. the coworker was working from the south side of the scaffold and employee #1 was working from the north side. the coworker later stated that they decided to go up to get more bricks. he was pressing the up button on his side of the scaffold when employee #1 accidentally pressed the down button on this side. both buttons became stuck in their respective positions causing the scaffold to assume a vertical position. employee #1 was apparently holding his rope grabber on his personal fall protection system in the open position when he began to fall and it did not engage. he fell approximately 8 stories and was killed. the coworker held onto his cable and did not fall; the was able to climb onto the adjoining terrace and to safety.,fall from/with scaffold,"construction, two pt susp scaffold, communication, fall, work rules, elevated work plat, fall protection, scaffold","fatality, fall_from_height",fatal_outcome; fall_with_height_exposure,SIF,Suspended scaffold became vertical and worker fell about eight stories; fatal fall exposure.
202369435,employee's body has not been found after falling from bridge,employee #1 was on the deck of a bridge rigging for tarps in preparation for painting when he fell into the river. a search of the river was conducted but with no body found. it is presumed to be a fatality.,[],"fall, bridge, river, paint",fall_from_height,no_strong_sif_evidence,SIF,Worker fell from a bridge into a river and was presumed dead; fatal fall exposure.
200998615,employee falls from suspended scaffold,on may 26 2010 employee#1 of g.c. zarnas & co. inc. was fatally injured in a fall from a suspended scaffold. the fatality involved a two point suspension scaffold which was rigged inside a water tank for painting the inside of the tank. the scaffold was suspended on one side from a 37 inch i-beam which was placed over a 24 inch vent opening on top of the tank. the other side was suspended from a 1 inch steel bar placed over a 2 inch coupling hole at the top of the tank. the i-beam was not secured to the structure. on the day of the accident the i-beam fell though the vent opening causing one end of the scaffold to fall. employee #1 was tied off to a lifeline however the 5/8 inch rope lifeline which went through the same vent opening as the suspension rope of the scaffold was cut by the sharp edge of the vent opening and employee #1 fell approximately 33 to 34 feet to his death.,fall from/with scaffold,"fall, scaffold, water tank, lifeline, suspension strand","fatality, fall_from_height, confined_space",fatal_outcome; fall_with_height_exposure,SIF,Suspended scaffold failure and lifeline failure led to a 33–34 ft fatal fall inside a tank.
201495058,employee is injured by drilling rig rotating drive shaft,on december 11 2010 in riverdale ca employee #1 a driller's assistant was injured when his shirt became entangled in water well drilling rig's pump drive shaft. this caused him to be thrown against the truck. during the division of occupational safety and health (dosh) investigation employee #1 alleged that he received a report that the water pump gland packing was leaking. employee #1 allegedly used an open end wrench to tighten the packing. employee #1 asserted he was wearing thermal underwear under a short sleeved t-shirt. employee #1 allegedly reached toward the packing and his right bicep contacted the pump's rotating drive shaft. employee #1's shirt became entangled in the shaft. the employer had a well devised safety program including a policy to shut down the rig when any adjustments maintenance or repairs were required. employee #1's eighth rib on the left side of his rib cage was fractured and employee #1 suffered pulmonary contusion and abrasions on his upper torso. employee #1 was hospitalized for less than 24 hours and his injuries were not considered serious or life threatening. on december 13 2010 the big river drilling's insurance agent notified dosh of the injury. the dosh drilling rig inspection raised questions as to why employee #1 came into contact with the rotating shaft since the gland packing adjusting nuts were easily accessible. the drive shaft was accessible with some difficulty. employee #1's injury would require climbing on to the pump and working over the top rather than standing on the ground. employee#1's employer received consideration for penalty and classification for violation of requirements related to the employer's injury and illness prevention program lack of body protection and guarding of moving parts of machinery/equipment.,[],"repair, fracture, rotating shaft, protective clothing, entangled, rib, contusion, abrasion, well service rig, struck against",struck_by,no_strong_sif_evidence,SIF,Worker's clothing became entangled in a rotating drilling-rig shaft; high-energy caught-in machinery exposure.
202556742,employee is found unconscious after fall from ladder,on june 3 2013 employee #1 a construction laborer was installing windows at a residence in anaheim. the employee was using an a-frame ladder that was folded and leaning against a wall at the side of the house under the window. employee #1 placed a 2 by 8 in. sill at the bottom of the window. he saw that there was a gap and began to pull the wood back out of the window the wood suddenly released from the window causing the employee to fall backwards off the ladder and hitting a wood fence and onto a brick edge of a planter box. the employee was found unconscious. employee #1 was transported to an area hospital where he underwent surgery. employee was hospitalized for more than three days.,fall from/with ladder,"ladder, pull back device, wood slab, fall, unconsciousness",fall_from_height,no_strong_sif_evidence,SIF,"Worker fell from a ladder, was found unconscious, required surgery, and was hospitalized; significant head-injury potential."
200713394,employee is killed when crushed by atv,on may 19 2008 employee #1 parked an atv near the top of a hill that had a slope of 14.5 degrees. he failed to set the vehicle's emergency brake. when the atv rolled down the hill it crushed employee #1 and killed him.,crushed/run,"construction, run over, crushed, slope, sloping, brake","fatality, struck_by, caught_between",fatal_outcome; caught_between_high_energy; struck_by_vehicle_exposure,SIF,Unbraked ATV rolled downhill and crushed the worker; fatal mobile-equipment/caught-between exposure.
200960573,employee injured when struck by side mirror of pickup,employee #1 part of a two-man equipment operator crew performing highway renovations was receiving dump truck loads of stone. temporary traffic controls were in place; the two-lane road had a single lane coned off and the other lane was being controlled by a flagger on each end. while the road traffic was stopped employee #1 left the side of the road to check on the contents of a truck that had just arrived. the truck was parked partially on the road and partially on the shoulder. employee #1 mounted the truck step on the driver's side spoke with the driver and signed the load slip. he had started to back down off the truck step when he was struck by the passenger side mirror of a ford 350 dual-rear-wheel pickup truck that was passing beside the parked dump truck. the pickup was the first in a line of traffic that had been released by the flagger to proceed as a single lane. employee #1 was transported to the hospital where he was treated for contusions and a tingling sensation in his legs. he was not wearing a safety vest at the time of the accident. there was also a lack of properly trained and maryland-approved flaggers onsite and no competent inspection personnel.,crushed/run,"construction, traffic control, struck by, pickup truck, side view mirror, highway, clearance, reflective vest, untrained, work rules","struck_by, caught_between",caught_between_high_energy,SIF,Worker was struck by a moving pickup in an active highway work zone; vehicle/traffic exposure had fatal potential.
200361731,worker is injured when struck by steel taper tie,at approximately 11:40 a.m. on july 15 2013 employee #1 and coworkers #1 #2 #3 and #4 all employed by a company specializing in the construction of water and sewer lines and related structures were engaged in constructing a concrete and steel cascade aerator building for the regional wastewater management facilities effluent pipeline project. they had begun working together on wall a preparing concrete forms. then coworkers #1 #2 and #3 moved to wall b which was perpendicular to wall a and began stripping concrete forms. coworker #4 was instructed to work on the roof section. employee #1 was instructed to stay on wall a and continue preparing concrete forms. coworker #1 was positioned approximately 15 to16 feet up on the finished concrete forms on wall b. he was using a 10-pound steel sledge hammer to hit a .625-inch diameter by 49-inch long alisply steel taper tie through the 18-inch thick cement wall. employee #1 was working on the ground on the opposite side of the wall about 6 feet away from coworker #1 at slab level. coworker #1 hit the taper tie two or three times whereupon it flew out from the opposite side of the concrete wall and struck employee #1 in the back. employee #1 fell to the ground. coworker #4 working on the roof section saw employee #1 lying on the ground and yelled for someone to call 911. at approximately 12:05 p.m. the emergency dispatcher for chatham county dispatched emergency medical services and the moncure fire department to the construction site. the emergency responders stated in their report that employee #1 was found conscious and alert complaining of having back and right leg pain. they placed employee #1 on a stretcher and transported him to the hospital where he was admitted and treated.,struck by falling object/projectile,"construction, concrete form work, wall, hand tool, struck by, steel, leg, back","fall_from_height, struck_by, fire_explosion",fall_with_height_exposure,SIF,A steel taper tie was driven through concrete and struck a worker; high-energy projectile exposure.
202504445,employee injured in fall from unsupported plank,on november 26 2007 employee #1 and three coworkers all laborers and scaffold builders had been assigned by the two foremen to dismantle a 98 ft 7 in. long by 5 ft 1/2 in. wide by 33 ft 9 in. tall scaffold that had been erected along the entire north side of a new four-story dormitory at towson university. the scaffold was 28 1/4 in. away from the wall. they were working on different platform levels on the scaffold moving scaffold planks around before actually starting to dismantle the structure. employee #1 was on the fourth platform level and he placed one long scaffold plank in the middle of the platform and then placed a second 16 ft long scaffold plank. apparently he placed the second plank so that it was supported by the scaffold frame at the east end and in the middle but not at the west end. when employee #1 walked out onto this plank he stepped on the unsupported end causing the plank to flip up. employee #1 lost his balance and he fell 19 ft 4.5 in. striking the scaffold frames as he dropped and as he tried unsuccessfully to grab onto them. he landed on his feet on the first platform level and then fell another 7 ft 11 in. to the ground. employee #1 suffered a slight concussion multiple contusions and sore legs. he was transported to a nearby shock trauma center where he was treated and released later that day. employee #1 was wearing his hard hat and proper construction footwear. he said that he had done this type of work before and had dismantled some other large scaffolds at this work site. employee #1 had been at the work site for two to three weeks and he had received additional on-the-job training.,fall from/with scaffold,"construction, scaffold, fall, dismantling, walking on plank, contusion, unsecured, concussion, unstable position",fall_from_height,fall_with_height_exposure,SIF,Worker fell about 19 ft plus another 8 ft from an unsupported scaffold plank; significant fall potential.
200122588,employee is run over and killed by fork lift,at approximately 9:30 a.m. on september 9 2004 employee #1 an iron worker was working on a 32 000-square-ft precast building. employee #1 was bent over cutting rebar when a coworker backed over him with a terex ss-1048 turbo rough terrain forklift causing fatal injuries. at the time of the accident the back-up alarm was properly working on the forklift.,crushed/run,"industrial truck, backing up, rebar, precast, concrete, back-up alarm, inattention, contusion, abrasion, construction","fatality, caught_between, lifting",fatal_outcome; caught_between_high_energy,SIF,Worker was run over by a rough-terrain forklift while cutting rebar; fatal vehicle/caught-between exposure.
170737837,employee shoots self in hand with powder,at approximately 10:00 a.m. on december 8 1994 employee #1 was loading a fastener for attaching metal decking to metal beams into a hilti dx 350 powder-actuated gun. he was putting the gun into the left side pouch on his belt when it went off hitting the palm of his left hand and fracturing bones in his index finger. employee #1 was taken to sierra vista hospital where he stayed for seven hours. the employer was cited for failing to report the accident. a citation was also issued for loading the gun too soon and for the employee having his hand near the barrel end of the gun. the gun had a safety device on it and was tested by a hilti representative within two hours of the accident and was found to be in good working condition.,[],"hand tool, finger, inattention, portable power tool, hand, construction, fracture, work rules, powder actuated tool",,no_strong_sif_evidence,NON-SIF,Powder-actuated tool discharged into the worker's hand; localized finger/hand injury without strong fatal-potential evidence.
200923068,worker found unconscious dies of cardiovascular disease,at approximately 10:30 a.m. on february 12 2013 employee #1 was working as a carpenter for a construction company. he was found unresponsive in a shipping container where tools are stored. he was taken to a hospital where he died at 1:30 p.m. on february 13 2013. the cause of death appeared to be atherosclerotic cardiovascular disease.,other,"construction, carpenter, intermodal container, heart, cardiovasc system, cardiovasc disease",fatality,fatal_outcome,NON-SIF,Death was attributed to cardiovascular disease rather than a workplace high-energy event.
200923639,worker is killed in fall from deck,on september 17 2013 employee #1 of wtw rebar placing inc. a structural steel and precast concrete contractor was working at a commercial building. he was part of a crew conducting forming work. it was the end of the crew's work shift. as employee #1 was walking on the deck he fell through a drop panel and 20 feet to the surface below. the fall fractured his skull. employee #1 was killed. this fatality was investigated by virginia osha.,fall through opening,"construction, concrete form work, decking panel, fall, skull, fracture, concrete panel, concrete slab, fall protection, head","fatality, fall_from_height",fatal_outcome; fall_with_height_exposure,SIF,Worker fell 20 ft through a deck opening and was killed; fatal fall exposure.
200781029,employee killed by falling load of glass,employee #1 was using a forklift to unload cases of glass from a truck. the cases on the forks began to teeter and he jumped from his operator's position to the ground in an attempt to prevent them from falling. employee #1 was crushed against the truck bed by the falling cases of glass and was killed.,[],"off loading, industrial truck, glass pack, falling object, unstable load, caught between, construction, unsecured, mech mat handling, work rules","fatality, caught_between, lifting",fatal_outcome; caught_between_high_energy,SIF,Falling glass cases crushed the worker against a truck bed; fatal suspended-load/caught-between exposure.
202656856,worker is struck by abrasive disk from concrete machine,at approximately 9:15 a.m. on august 20 2012 employee #1 was working for wj lent contracting services a contractor for projects involving nonresidential buildings. it was demolishing a commercial retail building. employee #1 had worked for the company for approximately three weeks. at the time of the incident he was working near coworkers. one coworker was operating a lavina 30g pro machine. this was a propane-powered 30-inch (0.76-meter) machine for the planetary grinding polishing and burnishing of concrete. employee #1 was walking toward the coworker to warn him about smoke that was coming from the machine when its abrasive disk came off the machine flew out and struck employee #1. he sustained a laceration and a fracture of his left leg. employee #1 was transported to simi valley medical center where he was treated for four days. the division was notified of the accident by wj lent contracting services at 2:52 p.m. on august 23 2012. it initiated an inspection on september 11 2012. interviews were conducted of employee #1 his supervisor and other workers who had been onsite.,other,"construction, machine operator, concrete, equipment failure, struck by, flying object, abrasive wheel, laceration, fracture, leg",struck_by,no_strong_sif_evidence,SIF,Abrasive disk separated from a powered machine and struck a worker; high-energy projectile exposure with leg fracture.
201084969,employee injured from fall,on february 17 2004 employee #1 a worker at a steel construction company was assisting in the setting of a steel column. the column had been bolted with anchor bolts and raised into position using a forklift. employee #1 climbed a nearby ladder and got onto the column to unlock the lifting line. for some reason the anchor bolts pulled out of the footing and the column fell over causing employee #1 to jump off the column and land on top of the forklift. he was transported to a local hospital and diagnosed with a cracked sternum which no treatment exists.,fall from/with structure,"fall, fracture, chest, steel column, bolt, building, structure moving","fall_from_height, lifting",no_strong_sif_evidence,SIF,"Steel column fell after anchor bolts pulled out, forcing the worker to jump from the structure; structural/lifting collapse had fatal potential."
202627881,worker fractures ribs in fall or in scaffold collapse,at approximately 4:00 p.m. on october 25 2010 employee #1 was a regular employee of allstate engineering a general or residential contractor. he was working as a carpenter at a jobsite in fort irwin ca where a daycare center was under construction. employee #1 was standing on an eight-foot-high lowering section of a metal scaffold. he was patching holes where the ties from the scaffold to the building were located. employee #1 had finished placing stucco in one of the holes and was walking on the scaffold to position himself to fill the other hole with stucco. that is when he apparently walked off the metal scaffold and fell approximately eight feet onto a concrete surface. the original narrative also stated that the metal scaffold collapsed as he was standing on the lower section. further the original title of the report said that employee #1 was removing the scaffold when the accident occurred. in any case he sustained fractures of some left ribs and he was hospitalized for 14 days at the university of las vegas medical center.,fall from/with scaffold,"construction, carpenter, scaffold, walking surface, fall, scaffold collapse, fracture, rib",fall_from_height,no_strong_sif_evidence,SIF,"Worker fell about 8 ft from scaffold onto concrete; scaffold collapse was also reported, creating significant fall potential."
200963080,employee injured when struck in face by blocking,employee #1 and a coworker both painters were working from a two-point suspended scaffold that they had lowered onto the third-floor roof. the coworker left the staging and was standing on the roof while employee #1 remained on the scaffold to control the motor because his end of the platform was already suspended past the roof line. other coworkers were pulling on the suspension wires below the motors to move the staging out from the third-story roof and turn it 90 degrees to its supports so that it could be lowered to the second-floor roof. the outriggers were set on 16 in. by 21 in. blocking. as the coworkers pulled the staging at a right angle to the outrigger beams the outrigger above employee #1 came off its blocking and the blocking fell off of the roof toward him. a coworker saw it about to fall and called out to warn employee #. as he looked up he was struck in the face by the falling blocking and sustained multiple facial fractures.,struck by falling object/projectile,"painter, two pt susp scaffold, struck by, falling object, scaffold rigging, construction, face, fracture, work rules, unsecured","fall_from_height, struck_by",fall_with_height_exposure,SIF,Suspended-scaffold rigging shifted and falling blocking struck the worker; elevated falling-object exposure.
201403607,employee injured from 27 ft fall from scaffolding,an employee was installing tie-ins for a non-stop scaffold when he stepped on a scaffold plank that was not bearing on a bearer. the plank fell causing the employee to fall 27 ft to the deck below. the employee was hospitalized.,fall from/with scaffold,"fall, scaffold, scaffold bearer, scaffolding, leg, fracture, work platform, construction",fall_from_height,fall_with_height_exposure,SIF,Unsupported scaffold plank caused a 27-ft fall; significant fatal fall potential.
202491072,employee fractures leg in fall,at approximately 12:48 p.m. on september 1 2010 employee #1 an electronics technician was installing a security system at a new apartment construction site. as he exited the attic using a 6-ft a-frame step ladder his cordless drill and tool belt got stuck between the opening and the ladder. when he tried to reposition himself he lost his balance and fell fracturing his femur and tearing the muscle in his shoulder. he was hospitalized for treatment.,fall from/with ladder,"electronic technicn, lost balance, construction, ladder, fall, fracture, leg, attic, caught by, hand tool",fall_from_height,no_strong_sif_evidence,SIF,Worker fell from an attic ladder and fractured a femur; fall/edge exposure had realistic serious-injury potential.
200631380,employee dies in smoke stack fire,on march 5 2006 a fire started inside the 974-ft smoke stack while employees were installing a fiberglass liner. employee #1 was trapped inside and found dead in the man cage he had tried to use to exit the smoke stack.,fire/explosion,"fire, chimney, smoke inhalation, burn, welding, fire extinguisher, construction, installing, untrained","fatality, caught_between, fire_explosion",fatal_outcome; caught_between_high_energy; fire_explosion_energy,SIF,Worker was trapped inside a 974-ft smoke stack fire and died; fire/smoke and confined-space exposure.
200902591,plumber's helper is electrocuted in crawl space,on july 26 2011 an employee of sizemore plumbing and heating llc albany georgia was working as a plumber helper. he entered a crawl space in a single family residential structure to repair a leaking metal pipe. he came in contact with electrical hazards. he received an electric shock which caused a fatal cardiac arrest.,[],"construction, plumbing, leak, pipe, crawl space, confined space, electric shock, electrocuted, cardiac arrest, heart","fatality, electrical, confined_space",fatal_outcome; electrical_energy_exposure,SIF,Worker in a crawl space contacted electrical hazards and suffered fatal cardiac arrest from electric shock.
200626810,employee is killed when struck by tractor trailer,at approximately 12:50 p.m. on february 28 2013 an employee was struck by a tractor trailer while retrieving his hard hat that had been blown off by a wind gust on interstate 81 at the exit 8 interchange. the employee was killed.,crushed/run,"tractor trailer, construction, struck by, motor vehicle, hard hat","fatality, struck_by, caught_between",fatal_outcome; caught_between_high_energy,SIF,Worker was struck by a tractor-trailer on an interstate and killed; extreme vehicle exposure.
202542502,employee is injured by moving stairway leg,at approximately 10:00 a.m. on november 18 2010 employee #1 assisted the a-frame boom truck driver to move a prefabricated stairway from the side of building to another location. the stairway was hoisted to the back of property by the boom truck. while putting the stairway down one of the legs of stairway popped out and hit employee#1 who was standing about 50 feet away from it. employee #1 was taken to henry mayo hospital and was hospitalized for more than 24 hours. employee#1 suffered a deep laceration and broken bone on his left forearm which required surgery.,other,"untrained, boom truck, health care facility, struck by, fracture, hoist, arm, laceration","struck_by, lifting",no_strong_sif_evidence,SIF,A hoisted stairway leg unexpectedly moved and struck a worker; high-energy lifting exposure.
201084431,employee is injured in fall,on july 28 2003 employee #1 was walking backwards measuring lumber at a residential construction site when he tripped and rolled under guardrail which did not have a mid-rail falling approximately 11 ft. to the first floor. he was hospitalized tulare district hospital for a head injury.,fall from/with structure,"fall, measuring device, lumber, construction, guardrail, head, contusion",fall_from_height,fall_with_height_exposure,SIF,Worker fell about 11 ft through an inadequate guardrail and sustained a head injury; significant fall potential.
202479192,employee is injured when struck by falling bobcat bucket,at approximately 2:08 p.m. on january 31 2013 an employee was repairing the hydraulic cylinder and arm of the raised bucket of a bobcat. the bucket slipped off the jack stand and hit the employee standing below with the raised arm of bucket in back yard. the jack stand height was measured to be 64-in. from ground and size of bucket was noted to be about 5-ft long by 3-ft wide by 2-ft deep. the employee fractured right side ribs and neck. paramedics were called and the employee was transported to usc medical center for medical treatment where he was hospitalized for about one month.,crushed/run,"falling object, struck by, fracture, neck, rib, industrial truck, jack, mechanic","struck_by, caught_between",caught_between_high_energy,SIF,Raised Bobcat bucket slipped from a jack stand and struck the worker; crushing/caught-between exposure.
200053130,steel erector is killed in fall; coworker is injured,at approximately 12:00 p.m. on january 27 2008 employees #1 and #2 were part of a crew that was installing skylights and metal decking on a structure. they were assigned to check decking bundles for pieces that were the appropriate size for placement in an area being decked. the employees were in an area adjacent to a recently-installed skylight when an 11 ft by 3 ft section of the decking failed causing them to fall. employee #2 was killed. employee #1 was hospitalized for major head injuries. the investigation determined that the decking had not been installed with the required attachments. this allowed the decking to shift and fall between the open web joists. prior to the incident a single screw that had secured the decking was removed to facilitate the installation of a skylight.,fall from roof,"steel, steel erection, metal decking, fall, installing, decking, concussion, unsecured, skylight, head","fatality, fall_from_height",fatal_outcome; fall_with_height_exposure,SIF,Decking failed and workers fell; one fatality and major head injury show strong fatal fall potential.
300859675,employee fractures vertebrae in fall from mobile scaffold,at approximately 9:15 a.m. on august 26 2002 employee #1 a carpenter hired that morning from local hall l-944 by ace engineering inc. was using a rolling scaffold to attach a piece of cosmetic fascia to a large canopy under construction at the site of a sports complex. he was getting his pneumatic nail gun ready to drive in a nail when the scaffold moved backward and overturned. employee #1 fell approximately 19 ft 8 in. down and across an array of concrete bleachers. he sustained compression fractures of the t-11 and t-12 vertebrae and a concussion. the four casters on the rolling scaffold were not locked.,fall from/with scaffold,"construction, unsecured, fall, vertebra, fracture, mobile scaffold, caster, overturn, concussion, work rules",fall_from_height,fall_with_height_exposure,SIF,Rolling scaffold overturned and caused a roughly 20-ft fall onto concrete bleachers; significant fall potential.
202674693,employee injures thumb in saw accident,at approximately 11:30 a.m. on april 16 2013 an incident occurred as employee #1 began using a circular skilsaw to cut down wood into two pieces to create a stake to use to support a section of the form. holding the piece of wood in his left hand and operating the saw with his right employee #1 initiated a plunge cut into the wood. the saw kicked back resulting in the blade coming into contact with the left thumb and amputating it. emergency services were contacted and employee #1 was transported to a local area hospital. employee #1 was hospitalized for seven days during which reimplantation of the left thumb was attempted.,other,"saw, amputated, thumb, hand, health care facility, struck by, kick back","struck_by, amputation",no_strong_sif_evidence,NON-SIF,"Circular saw kickback amputated a thumb; severe injury, but the narrative does not establish strong fatal-potential exposure."
201106853,employee injures back in fall from steel structure,on may 31 2005 employee #1 was performing bolting functions on a steel structure when he slipped and fell 12 ft. he landed on an uneven foundation and suffered major back injuries. employee #1 was wearing fall protection but was not connected at the time of the incident as he was moving his fall protection gear to another section. he was hospitalized.,fall from/with structure,"construction, steel erection, bolting, fall, fall protection, work rules, back, fracture",fall_from_height,fall_with_height_exposure,SIF,Worker fell 12 ft from a steel structure without being connected to fall protection; major injury potential.
202545471,employee dies from heart attack,at approximately 3:00 p.m. on august 28 2013 employee #1 a drilling operator and a crew were working in a gully on a small hillside located among a grove of trees. the crew had completed drilling work for the day and were packing up and cleaning the area to leave for the day. employee #1 complained of chest pain that he described to a coworker as heartburn. the coworker encouraged him to sit in the shade on the side of the hill and take a break with him. the two workers sat talking and drinking liquids while they waited for a crane to arrive to move the drilling rig off the hole. after approximately 17.5 minutes the two coworkers began to work again. employee #1 stood up and picked up an empty 5 gallon bucket handed it to a coworker and then collapsed. emergency medical personnel were summoned. another coworker administered cpr while a coworker drove to the entrance of the facility to wait for emergency services and direct them. employee #1 was transported to a hospital where he was pronounced dead. the county coroner attributes the death to an acute cardiac dysfunction severe atherosclerosis and atherosclerotic cardiovascular disease. the cause of the incident was employee #1's pre-existing health condition.,other,"cardiovasc system, cardiovasc disease, unconsciousness, heart attack","fatality, lifting",fatal_outcome,NON-SIF,"Death was attributed by the coroner to pre-existing cardiovascular disease, not a workplace high-energy event."
200775732,employee's arm is amputated by dock plate,on july 10 2009 employee #1 and some coworkers were completing the installation of a dock leveling plate. they lifted the plate to facilitate the installation of the hydraulic and electrical connections. they used a 2-ton chain fall to raise the plate. employee #1 was under the plate accessing and evaluating the location of the safety maintenance strut. his arm was amputated when the plate fell because the connecting hardware to the chain fall had been incorrectly installed. he was hospitalized for treatment.,lifting operations,"loading dock, chain, falling object, hand winch, arm, amputated, unsecured","electrical, lifting, amputation",no_strong_sif_evidence,SIF,Worker was under a suspended 2-ton dock plate when it fell and amputated his arm; severe crushing exposure.
14550446,construction employee run over by dump truck,two construction workers were driving a dump truck at the job site when the truck's universal joint broke causing the truck to stop on a slight incline. the two workers got out of the truck and crawled underneath it to try to fix it. the truck rolled down the slight incline running over employee #1 who was killed. employee #2 was not injured.,[],"truck, run over, dump truck, universal joint, repair, construction, work rules, chock, unsecured",fatality,fatal_outcome,SIF,Unsecured dump truck rolled and ran over a worker during repair; fatal vehicle/run-over exposure.
201078284,worker amputates tip of finger when dropping equipment,on august 30 2012 employee #1 a 43-year-old male laborer with burtech pipeline inc. was working at a public works project in san diego. the worksite was a public road where the employer was replacing an underground sewage lines and manholes. employee #1 was moving aluminum speed shore rails that were five-feet long from one location to another. employee #1 was balancing the speed shore on his shoulder. when he went to drop the speed shore on the ground the mechanism snapped shut and his finger was in the pinch point. employee #1 suffered an amputation of the tip of his left index finger distally from the nail bed and there were bone fractures consistent with a crushing injury. employee #1 was transported to scripps mercy hospital where he was hospitalized and underwent surgery.,other,"amputated, finger, shoring",amputation,no_strong_sif_evidence,SIF,"Shoring rail mechanism closed on a finger and caused amputation; high-energy pinch-point exposure, though fatal potential is less certain."
202653960,employee amputates fingertip in fan belt,at about 10:20 a.m. on august 14 2012 employee #1 with johnson controls inc. was conducting an inspection on a marine laboratory air handler system located at the basement of the building. employee #1 turned off the power of the fan and removed the top panel cover. during the inspection he moved around and his hand hit the rotating drive belt of the exhaust fan which resulted in a right thumb injury. employee #1 was transported to the hospital. employee #1 suffered from an amputated fingertip.,other,"amputated, thumb, plumbing, air conditioner, panel, rotating parts, fan belt",amputation,no_strong_sif_evidence,SIF,Worker contacted a rotating fan belt during inspection and suffered fingertip amputation; serious caught-in machinery exposure.
202509568,electrician injured in fall from a,on november 19 2012 employee #1 a 48-year-old male electricians' apprentice with fidel electric inc. was using a 6-ft. a-frame stepladder to perform normal duties. employee #1 fell from the stepladder and landed on a concrete floor. employee #1 sustained broken right femur in the fall and was hospitalized for treatment of his injury.,fall from/with ladder,"electrician, fall, ladder, stepladder, electrical work, fracture, leg","fall_from_height, electrical",no_strong_sif_evidence,SIF,Electrician fell from a 6-ft ladder and fractured a femur; elevated work/fall exposure.
170885420,employee is injured from fall,on july 21 2003 employee #1 a concrete worker was installing a concrete walkway near an apartment building. he was handling two concrete pump hoses and leaning over the edge of a temporary railing. the railing broke and employee #1 fell fracturing his pelvis and cheek bone and rupturing his spleen. employee #1 was hospitalized at santa clara medical center where he underwent surgery for treatment of his injuries.,[],"fall, spleen, pelvis, fracture, face, handrail, cementing",,no_strong_sif_evidence,SIF,"Temporary railing failed and worker fell, sustaining pelvic/face fractures and a ruptured spleen; major fall injury potential."
201117777,one employee killed one injured when struck by pipe wrench,at approximately 10:00 a.m. on september 8 2004 employees #1 and #2 both foremen were using a large rotating pipe wrench to fix a water pump at a farm. the power suddenly came on causing the wrench to rotate at a high rate of speed and strike both workers. employee #1 was killed. employee #2 sustained minor wrist and shoulder injuries for which he was treated and released.,other,"construction, farm machinery, rotating shaft, struck by, pipe wrench, shoulder, wrist, pump, lockout, work rules","fatality, struck_by",fatal_outcome,SIF,Power unexpectedly energized a large rotating pipe wrench and struck workers; one fatality demonstrates uncontrolled-energy exposure.
14353197,employee run over and killed by motor grader,employee #1 picked up debris in front of a parked grader and carried the debris to a pickup truck located to the left and in front of the grader. the grader was cranked up moved forward and passed employee #1 and the pickup truck while unearthing more debris. then the grader stopped. the operator prepared to begin backing up the grader. because the grader was missing the factory installed side rearview mirrors he looked to the rear over his shoulders. he did not see anyone and backed up the grader. employee #1 moved into the path of the grader from the right and the left rear tires struck him and then ran over him. the grader's left side raised up and when it leveled out the operator stopped the grader looked down to the left under the cab steps and saw employee #1 prone on the ground in front of the left rear tires. employee #1 suffered multiple injuries to the chest and abdomen. he died.,[],"construction, grader, side view mirror, unguarded, backing up, struck by, run over, tire, chest, abdomen","fatality, struck_by",fatal_outcome; struck_by_vehicle_exposure,SIF,Worker was run over by a motor grader in a reversing vehicle path; fatal struck-by/run-over exposure.
202659058,worker using power hand drill sustains finger amputation,at approximately 9:45 p.m. on december 18 2013 employee #1 employed by the m s rouse company inc. was working at a building site. he was wearing rubber gloves and using his personally-owned dewalt 130 volt .5-inch vsr drill to mix artex floor patch. the mixing paddle became loose. employee #1 attempted to reattach the paddle without first turning off power to the drill. as he depressed the trigger of the drill with his right hand while holding the paddle to the chuck with his left hand his left little finger became entangled in the drill. the tip of his left little finger was amputated. emergency services were called and employee #1 was transported to the hospital where his finger was treated. he was then discharged without hospitalization. the employer's chief operating officer reported this event to cal/osha at approximately 9:10 a.m. on december 19 2013. cal/osha initiated its onsite investigation on march 14 2014. the investigation established that the m s rouse company is a privately owned company specializing in the installation of commercial floor coverings. employee #1 had been employed by the employer as a journeyman floor installer for approximately four years.,other,"construction, installing, mixer blade, hand tool, electric drill, entangled, finger, amputated, painter, electric switch",amputation,no_strong_sif_evidence,SIF,Uncontrolled electric drill entangled a finger and caused amputation; unexpected powered-motion exposure.
202570495,employee falls from roof and is killed,on november 6 2013 employee #1 and a coworker were placing anchors on the decking which was located on the roof of a building's one-story new addition. as they worked a gust of wind blew them off the roof. employee #1 fell sustaining traumatic injuries that killed him. the coworker was not injured in the fall.,fall from roof,"installing, anchor, roof, fall, fall protection","fatality, fall_from_height",fatal_outcome; fall_with_height_exposure,SIF,Wind blew workers off a roof and caused a fatal fall; fall-protection exposure.
201174943,employee receives injuries when struck by broken chain,at approximately 10:03 a.m. on december 17 2003 employee #1 and coworkers were constructing a barn. the barn support column were drilled using a post hole auger truck. as the post holes were being drilled the auger truck became stuck in the mud. the employees decided to use a forklift to pull the truck from the mud. they attached a 20-ft chain between the forklift and auger truck. however as the forklift pulled the auger truck the chain snapped and flew back into employee #1. employee #1 was struck in the head by the flying chain suffering fractures to his skull. emergency medical personnel were summoned and took him to the hospital. at the hospital he required surgery to repair the damages to his skull and face. he was hospitalized following the surgical procedures for postoperative care.,struck by falling object/projectile,"drilling mud, truck, auger, broken chain, struck by, head, fracture","struck_by, lifting",no_strong_sif_evidence,SIF,"A 20-ft chain snapped under load and struck the worker in the head, requiring surgery; high-energy stored-load release."
202452116,employee is injured in fall when roof collapses,at approximately 5:30 p.m. on october 29 2005 employee #1 a roofer worker with sierra pacific roofing at a job site located in san gabriel ca was laying tar paper on the roof of a gazebo which measured approximately eight feet to the eave. while employee #1 was standing near the ridge of the roof installing the tar paper the roof collapsed causing him to fall over eight feet to the concrete slab below. employee #1 sustained a fracture and was hospitalized. the gazebo had been inspected by the city of san gabriel building and safety as well as the operations manager of sierra pacific roofing prior to the work being done at which time the gazebo appeared structurally sound. subsequent inspection revealed that the rafters of the roof were not sufficiently secured at the ridge causing the roof to fail when weight was introduced near the peak.,[],"construction, fall, fracture, roof, collapse, roofer, roof collapse, unsecured, rafter",fall_from_height,no_strong_sif_evidence,SIF,Roof collapsed and worker fell more than 8 ft; structural failure and fall exposure.
200555407,employee is killed in fall from elevation,at approximately 11:45 a.m. on october 30 2008 employee # 1 a carpenter foreman and nine other coworkers were installing bridge overhang forms onto a 134.5 ft concrete girder at an approximate height of 32.5 ft above a lake. after the last overhang form was installed the girder began to roll off its cap. the concrete girder fell into the lake along with the ten employees some of which were tied off to the girder while others were just standing on the girder. employee# 1 was found several hours later pinned underneath the girder and was pronounced dead.,fall from/with structure,"carpenter, girder, fall, bridge, construction, fall protection","fatality, fall_from_height, caught_between",fatal_outcome; fall_with_height_exposure; caught_between_high_energy,SIF,A 134.5-ft bridge girder rolled and fell with ten workers; multiple high-energy fall/crushing exposures.
201071255,employee's thumb is amputated by drill shaft,at approximately 12:30 p.m. on may 15 2007 employee #1 was working at a site near spring road and route 94 in spring valley ca. also at the site were a coworker who was a drill operator and a foreman. all three employees were employed by a commercial contractor that specializes in street and traffic light installations in southern california. employee #1 was a locator who walked on the ground surface to locate the underground directional drill head using a detector unit to track the horizontal and angle movement of the drill head. this information was communicated back to the coworker who was the operator seated on the directional boring machine (a vermeer number d24x40 horizontal directional drill). the horizontal directional drill was used to dig under cement pavement and earth to lay electrical lines for street and traffic lights. the head of the drill first made a path through the soil underneath the ground until it arrived at its destination. a line was then pulled through it so electrical lines could be installed to hookup traffic and signal lights for public streets and freeways. the front section of the horizontal directional boring machine was outfitted with a left and right anchor boring unit with stakes. the stakes were large auger units that tapped into the ground vertically to stabilize the machine when its drilling rods apparently ran horizontally underneath the ground. the bolt holding the auger bit to the shaft on the main frame of the directional boring machine came off and the coworker had to take it apart to get to the dislodged bolt. apparently the coworker tightened the bolt got up on the directional boring machine seated himself and unsuccessfully attempted to line up the square piece fitting of the shaft over the top of the auger attachment. employee #1 came over and used his left hand to try and line up the shaft while the coworker manipulated the controls in an attempt to attach the shaft to the auger bit. the shaft dropped on employee's #1 left thumb causing the top one inch to be amputated. the foreman transported employee #1 to u.s. healthworks first and later transported him to the orthopedic center in la jolla. employee #1 was hospitalized and required outpatient surgery the day after the accident. the division was notified about the accident on may 18 2007. during the initial investigation employee #1 had not yet returned to work but the division found he had returned to work during a subsequent visit to another of the employer's job sites on june 11 2007.,[],"construction, amputated, thumb, boring machine, auger, bolt, mech malfunction, shaft","electrical, amputation",no_strong_sif_evidence,SIF,Drill shaft dropped during alignment and amputated a thumb; unexpected mechanical movement/high-energy pinch exposure.
200773075,employee killed while stripping paint from tub,on march 15 2004 employee #1 a refinishing contractor had been stripping paint off of a porcelain tub using a methylene chloride-based stripper. employee #1 was discovered by the tenant of the apartment unconscious and slumped over into the tub head first with no pulse. employee #1 was also wearing a respirator. the tenant called 911 and notified maintenance personnel. employee #1 was transported to metrowest medical center where he later died.,asphyxiation/inhalation of toxic vapor,"construction, methylene chloride, respirator",fatality,fatal_outcome,SIF,Worker died from methylene chloride toxic-vapor exposure while stripping a tub; hazardous-atmosphere exposure.
954370,employee killed when head strikes tractor's protective cage,at approximately 2:00 p.m. on december 21 1995 employee #1 was clearing brush from around a water settlement pond. to stabilize himself he tied a rope around himself while a coworker held the other end. a tractor with a bush hog was mowing grass in the area. the loose end of the rope became wrapped around the bush hog. the rope was pulled from the coworker's grip and pulled employee #1 into the tractor's protective cage. employee #1 died of head injuries.,[],"head, struck against, tractor, work rules, unsecured, rops, bush hog","fatality, struck_by",fatal_outcome,SIF,Rope became entangled in a tractor/bush hog and pulled the worker into the machine; fatal caught-in exposure.
200571750,employee is killed by backing pick up truck,at approximately 4:05 p.m. on december 5 2011 employee # 1 was working as a female flagger on a jobsite. employee # 1 was walking behind the park f550 and the driver got into the driver's seat and start backing up not realizing that he had back over employee #1. employee # 1 died as a result of her injuries.,crushed/run,"mired, backing up, flagman, pickup truck","fatality, caught_between",fatal_outcome; caught_between_high_energy,SIF,Flagger was backed over by a pickup truck; fatal vehicle/pedestrian exposure.
201955366,employee suffers contusions when crane overturns,on november 21 2007 employee #1 a crane operator was using a 170-ton demag ac-140 mobile crane to assemble a tower crane station at a construction site. coworkers had put together 160 ft of the tower crane jib section. employee #1 made the 17 000 lb lift above the height of overhead power lines and proceeded to rotate the load to align it with the tower crane. as he turned the load it created a problem with the boom angle. employee #1 held his load height as he boomed down. in doing so he was faced with the load radius increasing to 100 percent of the crane's capacity but he had not achieved the necessary radius to clear the load-to-boom rotation. once at 100 percent of capacity the demag ac-140 shut down controls. employee #1 restarted the crane in override mode and continued to boom down. as the crane became lighter he induced load dynamics trying to boom up to close back the radius. the crane was already near the tipping point and the load caused the crane to overturn. employee #1 suffered minor bruising to both legs and to his right forearm. he was checked out by emergency services and was medically released at the site. employee #1 was wearing his seat belt and he had the cab door closed at the time the crane overturned.,lifting operations,"construction, crane operator, mobile crane, overturn, crane boom, overloaded, erection process, unstable position, contusion, work rules",lifting,no_strong_sif_evidence,SIF,170-ton crane reached a tipping point and overturned; crane instability created major high-energy potential despite minor injury.
170577688,electric shock,a contractor for an electric utility was installing a new phase conductor to an existing overhead power line. a power line worker for the contractor was working from the bucket of a reach all aerial lift (model no. ap52mh; serial no. 7814) which was rated for 69 kilovolts. the employee who had about 8 years of experience as a power line worker was equipped with a hard hat a jumper cable rubber insulating gloves and a live-line tool (shot gun stick). the superintendent for the operation was switching the line from a location about 3.2 kilometers (2 miles) away. the superintendent and his crew were reducing the load on the line so that the power line worker could safely apply a jumper to the conductor he was installing. the ground worker working with the power line worker was in communication with the superintendent's crew. the ground worker told the power line worker that the load had been dropped and the power line worker started attaching the jumper cable. the ground worker looked up to find the power line worker slumped over the bucket. the ground worker who did not feel qualified to operate the lower level controls on the aerial lift requested help by radio. the injured employee was transported to a hospital where he was pronounced dead of electrocution. he had entry and exit wounds on his right hand by the fingers and on his left foot. the boot had been torn off this foot by the electric current. the power line worker had not been wearing his rubber insulating gloves. (the superintendent stated that he had told everyone to wear them.) apparently the power line worker's right hand contacted the power line at some point in the operation. the live-line tool was still connected to one of the jumper clamps; this clamp was fastened to the new phase conductor.,[],"electrical, electrocuted, elec utility work, power line worker, overhead power line, aerial lift, elec protect equip, live-line tool, e ptd","fatality, electrical",fatal_outcome; electrical_energy_exposure,SIF,Power-line worker contacted an energized conductor and died of electrocution; severe electrical exposure.
202635116,employee is shocked while installing street light,at approximately 10:15 a.m. on february 8 2012 employee #1 and a crew of three employees were installing a street light pole in front of a residential home. they were using an altec bucket truck with material handling to lift the light pole into place. while moving the pole employee was using a shovel with a wooden handle to rotate the pole and the coworker was repositioning the pole using his hands. the pole (mission bell) came in contact with 12 000 kilovolt power line at the same time the employee was making contact. employee #1 received an electrical shock.,electric shock,"aerial lift, elec utility work, streetlighting, installing, electrocuted",electrical,electrical_energy_exposure,SIF,Street-light pole contacted a 12-kV power line while the worker was touching it; electrical-energy exposure.
202587713,iron worker fractures hip in fall on bridge,sometime before approximately 8:30 a.m. on july 23 2012 an employee was working as an iron worker. he was working at a construction venture being run jointly by american bridge company and fluor enterprises inc. he had been in the trade for approximately 11 to 12 years. the project was the replacement of the east span of the san francisco - oakland bay bridge. the project's staging area was a large yard covering several acres and containing mobile office buildings located in oakland ca. the actual bridge work extended over san francisco bay. the incident occurred inside horizontal open box girder # 12 located mid-span on the bridge. the employee and his coworkers were removing pieces of horizontal angle iron used to mechanically hold the horizontal sections of the open box girder sections in place until they could be welded together. at the time of the incident the employee was removing one of the angle iron plates. as he was standing on a work platform from which he was working his left foot slipped. he fell onto a structural member of the work platform. his left hip struck the structural member and he sustained a fracture of at least one and possibly both of his hips. the employee was taken to a local hospital where he was treated for his injuries for more than 24 hours. at approximately 8:30 a.m. that day the cal/osha dosh oakland district office received a report of this serious workplace health and safety injury from the oakland fire department via telephone. at approximately 2:10 p.m. on july 30 2012 the division arrived at the place of employment which was the east landing of the san francisco - oakland bay bridge renovation project in oakland ca and conducted an opening conference with management.,fall from/with scaffold,"construction, iron worker, steel erection, bridge, girder, work platform, slip, fall, fracture, hip","fall_from_height, struck_by, fire_explosion",no_strong_sif_evidence,SIF,Iron worker fell on a bridge work platform and suffered hip fractures; elevated bridge work creates significant fall potential.
202003232,employee falls from bucket,employee #1 was running a crane boom when the boom rolled and struck the basket he was working from. he was wearing a harness but it was not tied off and he fell 35 ft and died.,fall from/with bucket,"crane, crane boom, crane operator, fell asleep, struck by, struck against, fall","fatality, fall_from_height, struck_by, lifting",fatal_outcome; fall_with_height_exposure,SIF,Worker fell 35 ft from a crane basket without being tied off; fatal fall exposure.
201074119,employee is injured in fall from scaffold,at approximately 12:30 p.m. on saturday july 18 2009 employee #1 a scaffolding laborer was dismantling a tube and coupler scaffold at a construction site. he was at the bottom stage of the scaffolding and was using a hammer to pound on the frame of the scaffolding to loosen it. he stepped back onto a plank and fell approximately 6 feet to the ground. he suffered a fractured left leg and was hospitalized for four days.,fall from/with scaffold,"scaffold, dismantling, tubular scaffold, construction, fall, fracture, leg",fall_from_height,fall_with_height_exposure,SIF,Worker fell from a scaffold during dismantling and fractured a leg; scaffold/fall exposure could cause severe injury.
201340791,employee killed when hit by wrench on rotating drill pipe,employee #1 was removing a 12-foot pipe stem from a horizontal drill pipe. employee #1 used a 60-inch pipe wrench on the connection to hold the pipe stem in place. the job site foreman released his end and employee #1 stepped up to the pipe to remove the pipe wrench when for undetermined reasons the pipe rotated. the pipe wrench that was still attached struck employee #1 in the head and killed him.,struck by falling object/projectile,"struck by, fracture, head, pipe wrench, drill pipe","fatality, struck_by",fatal_outcome,SIF,Pipe wrench struck worker in the head after drill pipe unexpectedly rotated; fatal uncontrolled-energy/struck-by exposure.
200758829,employee is crushed between gravel box trac hoe later dies,at approximately 8:00 p.m. on may 1 2009 employee #1 a foreman for an excavating company was observing the track hoe operator while he was positioning the tracks for the track hoe over a trench they were working on. the trench was being prepared to have water removed and then gravel placed over the recently installed 12-in. drainage pipe. while observing the operator employee #1 walked between the rear of the track hoe and the stone box which was placed next to the track hoe. at this time the track hoe operator turned the carriage assembly and the rear counterweight struck employee #1 pinching him between the counterweight and the corner of the stone box. a coworker observed this and yelled to the track hoe operator. the track hoe operator did not hear the coworker initially and turned the rear of the track hoe back to the original position. this caused the counterweight to remain in contact with employee #1 and again pinch him up against the stone box. employee #1 fell to the ground the rear of the track hoe was moved and a call was placed for the emergency medical assistance. employee #1 was transported to the hospital where he died at approximately 1130 p.m. of internal injuries.,crushed/run,"struck by, excavator, pinned, contusion, abrasion, construction, trench, excavation, counterbalance","fatality, struck_by, caught_between",fatal_outcome; caught_between_high_energy,SIF,Worker was repeatedly pinned between a track hoe and stone box and died; fatal mobile-equipment caught-between exposure.
201271442,employee killed when rebar structure collapses,on april 11 2002 employee #1 and two coworkers completed tying 30-ft sections of number 11 rebar for a bridge column. the cylindrical rebar structure collapsed crushing and killing employee #1 when the portion of rebar he was on fell on a concrete anchor block used to attach guy lines to plumb the structure as the concrete sets. the coworkers sustained minor injuries.,collapse of structure,"rebar, collapse, bridge, bridge column, anchor, blocks, concrete, crushed","fatality, caught_between",fatal_outcome; caught_between_high_energy,SIF,30-ft rebar structure collapsed and crushed the worker; fatal structural-collapse/crushing exposure.
201129632,employee is injured in fall from roof,"at approximately 10:33 a.m. on february 28 2013 an employee was assigned to do flashing work on a sloped roof where he was not required to wear fall protection by his employer as long he remained six feet away from the leading edge of the roof. somehow the employee exposed to the roof-edge and fell off the roof where he first hit his body on a metal top rail of a scaffold about eight feet below the roof edge then bounced another 16 feet down to the ground. the employee stated that there was no guardrail or warning sign on the roof to stop him going towards the leading edge. the employee stated that he did not remember exactly what happened on the roof that led to his fall. however the witnesses stated that the employee was about eight feet away from the leading roof edge possibly looking for an anchorage where he could tie off but at that time he was not wearing a body harness or any other similar fall protective equipment. a coworker stated that he had witnessed the employee falling off the roof but did not know what he was doing at that time because his view was partially blocked by a building structure. the coworker stated that he was not very far from the employee. the coworker stated neither he nor the employee was wearing any fall protection at that time. also there was no guardrail and/or warning sign near the roof-edge to prevent falls from the roof. the supervisor stated that he was also working on the same roof with two other coworker but they were about 20 feet away from the leading roof edge. foreman and his superintendent also stated that employees were not required to wear fall protection at that time because the roof pitch was only 3:12 and a rule of ""stay six feet away from the falling edge"" was applied. employer also admitted that there was no guardrail and/or a warning sign placed on the leading edge of the roof to prevent employees from falling off the roof. somehow the employee was exposed to the roof-edge and fell off the roof where he first hit his body on a metal top-rail of a scaffold about eight feet below the roof edge then bounced another 16 feet down to the ground. as a result of the fall the employee sustained multiple serious injuries and was hospitalized for approximately three days at stanford hospital.",fall from roof,"fall, fall protection, roof, laceration, eye, work surface",fall_from_height,fall_with_height_exposure,SIF,Worker fell about 24 ft from an unguarded roof edge and sustained multiple serious injuries; strong fall-potential event.
200823409,employee electrocuted by energized plug receptacle,on november 13 2006 employee #1 received a call on his cell phone from a coworker asking him to find the serial/order number of a 480-volt/three-phase attachment plug so that more attachment plugs could be ordered. employee #1 found such a plug possibly choosing it because it was in an idle machine and the only one not in production. employee #1 accidentally placed the ground prong into the energized plug receptacle and grounded out causing the third-phase fuse to blow. he was electrocuted. the wiring and the chicago pyle/national attachment plug were found to be very dilapidated and had not been inspected or maintained. because of the configuration of the plug any of the eight-prong male plugs could have been inadvertently placed in any of the female receptacles energizing the metal casing. because of employee #1's medical condition and the fact that there were no electrical burns inside or outside his body the coroner considered ruling the cause of death as natural causes/coronary disease. after continuity testing and destructive testing of the evidence the cause of death was ruled to be electrocution.,electrocution by touching exposed wire/source,"construction, electrocuted, elec circ part--misc, electrical work, attachment plug, inadequate maint, electrical, fuse, work rules","fatality, electrical",fatal_outcome; electrical_energy_exposure,SIF,Worker was electrocuted by a 480-V energized receptacle; electrical equipment was poorly maintained and could energize its casing.
201623832,employee suffers fractures in fall from ladder,on june 12 2013 employee #1 was on a ladder while painting exterior trim on a residential home. the employee fell from the ladder landing on concrete. employee #1 was taken to an area hospital where he was treated for multiple fractures.,fall from/with ladder,"ladder, painter, fall, fracture",fall_from_height,no_strong_sif_evidence,SIF,Worker fell from a ladder onto concrete and sustained multiple fractures; meaningful fall exposure.
202344230,employee killed when crushed by rolling truck,on december 10 2003 employee #1 was engaged in maintenance on a truck's engine when a box inside the cab struck the parking brake causing it to release. the truck which was parked on a slope began to roll backward. its front left tire knocked down employee #1 who was crushed and killed.,crushed/run,"construction, struck by, truck, slope, crushed, work rules, hand brake, backing up","fatality, struck_by, caught_between",fatal_outcome; caught_between_high_energy,SIF,Truck rolled on a slope after its parking brake was released and crushed the worker; fatal vehicle/run-over exposure.
202545448,employee falls through opening and fractures spine and heel,at approximately 1:20 a.m. on march 20 2013 employee #1 a carpenter was going to evaluate a scaffold that would be unassembled. a crew had removed a piece of plywood over a skylight. the opened skylight did not have temporary railings toe boards or covering. employee #1 entered the area carrying plywood in front of him that obscured his vision. he placed the plywood down and walked onto the open skylight. employee #1 fell through the unguarded skylight and struck the floor sustaining a fractured spine and heel. emergency medical personnel were summoned. employee #1 was transported to a medical center where he was treated and then hospitalized.,fall from/with structure,"carpenter, floor opening, unguarded, fall, fracture, spine, foot","fall_from_height, struck_by",no_strong_sif_evidence,SIF,"Worker walked onto an unguarded skylight opening and fell, fracturing spine and heel; serious fall exposure."
200623601,employee is killed when beam falls,on december 7 2005 employee #1 was a flagman standing on a pad near a crane that was operating at a bridge deck replacement project over the wolf river. two cranes were lowering a concrete beam when the load shifted and toppled one of the cranes. one end of the beam fell into the river. the other end fell on the river bank and the pad employee #1 was standing on. he was killed when he was thrown into the beam.,struck by falling object/projectile,"struck against, crane, flagman, load shift, work rules, crane lifting beam, suspended load, crane outrigger","fatality, struck_by, lifting",fatal_outcome; lifting_high_energy_exposure,SIF,Concrete beam shifted during crane lifting and struck a flagman; fatal suspended-load exposure.
200920825,employee is burned in boiler explosion later dies,on july 24 2002 employee #1 was trying to start the #2 boiler when a coworker put a jumper on an atomizer in an attempt to energize the circuit. the main fuel switch was controlled by this circuit. when it energized fuel was fed into the boiler. the fuel ignited and the boiler exploded. employee #1 sustained burns over 80 percent of his body. he was transported to a hospital where he died several days later.,fire/explosion,"burn, explosion, boiler, fire, combustible dust, fuel oil, work rules, communication","fatality, electrical, fire_explosion",fatal_outcome; electrical_energy_exposure; fire_explosion_energy,SIF,"Boiler fuel ignition caused an explosion and burns over 80% of the body, followed by death; extreme fire/explosion energy."
201750601,employee killed when hit by headache ball falling from crane,employee #1 was struck by the headache ball which became severed from its wire rope and fell approximately 50 feet. the crane safety devices which could have alerted the crane operator were not activated. employee #1 suffered fatal contusions from being hit.,struck by falling object/projectile,"struck by, headache ball, crane, contusion, fall","fatality, fall_from_height, struck_by, lifting, amputation",fatal_outcome; fall_with_height_exposure,SIF,50-ft crane headache ball fell after wire-rope failure and killed the worker; fatal suspended-load exposure.
201486123,employee injures hand between motor and pumping station,at approximately 3:30 p.m. on august 19 2003 employee #1 a foreman was stabilizing a suspended diesel engine while it was being lifted with manual chain hoists. as the engine was raised higher it began to swing sideways. employee #1 attempted to stop the sideways movement but the engine struck his right hand pushing it into a neighboring pump housing. the compressive forces between the engine and fixed equipment caused fractures in his right hand. emergency medical personnel were summoned and took him to the hospital. at the hospital he required surgery to repair the fractures in the fingers of the right hand. he was hospitalized following the surgical procedures for postoperative care.,[],"engine, pulley, lost balance, lost control, struck against, pumping station, hand, finger, fracture",struck_by,no_strong_sif_evidence,SIF,Suspended diesel engine swung into the worker's hand against fixed equipment; high-energy lifting/pinch exposure.
